Date,Close,Volume
2017-01-03,56.601139068603516,20694100
2017-01-04,56.34788131713867,21340000
2017-01-05,56.34788131713867,24876000
2017-01-06,56.83628845214844,19922900
2017-01-09,56.655399322509766,20382700
2017-01-10,56.637306213378906,18593000
2017-01-11,57.15283966064453,21517300
2017-01-12,56.62826919555664,20968200
2017-01-13,56.70967483520508,19422300
2017-01-17,56.555908203125,20664000
2017-01-18,56.52878189086914,19670100
2017-01-19,56.34788131713867,18451700
2017-01-20,56.745849609375,30213500
2017-01-23,56.944820404052734,23097600
2017-01-24,57.451324462890625,24672900
2017-01-25,57.596038818359375,23672700
2017-01-26,58.12966537475586,43554600
2017-01-27,59.49541091918945,44818000
2017-01-30,58.907493591308594,31651400
2017-01-31,58.47336196899414,25270500
2017-02-01,57.50559616088867,39671500
2017-02-02,57.1347541809082,45827000
2017-02-03,57.596038818359375,30301800
2017-02-06,57.559852600097656,19796400
2017-02-07,57.36991882324219,20277200
2017-02-08,57.288516998291016,18096400
2017-02-09,57.93973159790039,22644400
2017-02-10,57.885467529296875,18170700
2017-02-13,58.536678314208984,22920100
2017-02-14,58.75505828857422,23108400
2017-02-15,58.718666076660156,17005200
2017-02-16,58.70956039428711,20546300
2017-02-17,58.800567626953125,21248800
2017-02-21,58.68226623535156,20655900
2017-02-22,58.563968658447266,19292700
2017-02-23,58.800567626953125,20273100
2017-02-24,58.800567626953125,21796800
2017-02-27,58.4456901550293,15871500
2017-02-28,58.21819305419922,23239800
2017-03-01,59.091732025146484,26937500
2017-03-02,58.24550247192383,24539600
2017-03-03,58.46388244628906,18135900
2017-03-06,58.48207473754883,18750300
2017-03-07,58.60036087036133,18521000
2017-03-08,59.13725280761719,21510900
2017-03-09,58.90065383911133,19846800
2017-03-10,59.082645416259766,19538200
2017-03-13,58.882450103759766,20100000
2017-03-14,58.60947799682617,14280200
2017-03-15,58.91884231567383,24833800
2017-03-16,58.81875991821289,20674300
2017-03-17,59.02804183959961,49219700
2017-03-20,59.082645416259766,14598100
2017-03-21,58.42747497558594,26640500
2017-03-22,59.17363739013672,20680000
2017-03-23,59.02804183959961,19269200
2017-03-24,59.128135681152344,22617100
2017-03-27,59.23732376098633,18614700
2017-03-28,59.410221099853516,20080400
2017-03-29,59.57400894165039,13618400
2017-03-30,59.79238510131836,15122800
2017-03-31,59.92888641357422,21040300
2017-04-03,59.64681625366211,20400900
2017-04-04,59.810604095458984,12997400
2017-04-05,59.65590286254883,21448600
2017-04-06,59.810604095458984,18103500
2017-04-07,59.765106201171875,14108500
2017-04-10,59.62860107421875,17952700
2017-04-11,59.5831184387207,18791500
2017-04-12,59.35562515258789,17108500
2017-04-13,59.1008415222168,17896500
2017-04-17,59.5831184387207,16689300
2017-04-18,59.50122833251953,15155600
2017-04-19,59.1827278137207,26992800
2017-04-20,59.601314544677734,22299500
2017-04-21,60.42026901245117,32522600
2017-04-24,61.448486328125,29770000
2017-04-25,61.803375244140625,30242700
2017-04-26,61.72148513793945,26190800
2017-04-27,62.12184524536133,34971000
2017-04-28,62.29473876953125,39548800
2017-05-01,63.15919494628906,31954400
2017-05-02,63.05909729003906,23906100
2017-05-03,62.858890533447266,28928000
2017-05-04,62.613216400146484,21749400
2017-05-05,62.786109924316406,19128800
2017-05-08,62.73149490356445,18566100
2017-05-09,62.822509765625,22858400
2017-05-10,63.068180084228516,17977800
2017-05-11,62.29473876953125,28789400
2017-05-12,62.22193908691406,18714100
2017-05-15,62.267459869384766,31530300
2017-05-16,63.52122116088867,34956000
2017-05-17,61.754974365234375,30548800
2017-05-18,61.9654426574707,25201300
2017-05-19,61.947139739990234,26961100
2017-05-22,62.642662048339844,16237600
2017-05-23,62.8531494140625,15425800
2017-05-24,62.935508728027344,14593900
2017-05-25,63.71339416503906,21854100
2017-05-26,64.02454376220703,19827900
2017-05-30,64.43638610839844,17072800
2017-05-31,63.91471862792969,30436400
2017-06-01,64.1526870727539,21603600
2017-06-02,65.67183685302734,34770300
2017-06-05,66.147705078125,33316800
2017-06-06,66.36734771728516,31511100
2017-06-07,66.24839782714844,22301800
2017-06-08,65.84573364257812,24588300
2017-06-09,64.35401916503906,49187400
2017-06-12,63.85983657836914,47761700
2017-06-13,64.65602111816406,25258600
2017-06-14,64.3082275390625,25510700
2017-06-15,63.969669342041016,26068700
2017-06-16,64.06116485595703,48345100
2017-06-19,64.85734558105469,23798300
2017-06-20,63.97880554199219,21512200
2017-06-21,64.3082275390625,19891100
2017-06-22,64.29911041259766,22965700
2017-06-23,65.16849517822266,27617300
2017-06-26,64.54617309570312,19607000
2017-06-27,63.33818054199219,25215100
2017-06-28,63.87813949584961,25806200
2017-06-29,62.67928695678711,28918700
2017-06-30,63.08196258544922,24161100
2017-07-03,62.38642120361328,16165500
2017-07-05,63.21919631958008,21176300
2017-07-06,62.75248336791992,21117600
2017-07-07,63.56696701049805,16878300
2017-07-10,64.04285430908203,15014500
2017-07-11,64.05203247070312,17460000
2017-07-12,65.11359405517578,17750900
2017-07-13,65.68099212646484,20269800
2017-07-14,66.60530090332031,25868100
2017-07-17,67.12693786621094,21803900
2017-07-18,67.0811767578125,26435300
2017-07-19,67.59367370605469,22416200
2017-07-20,67.92313385009766,42361000
2017-07-21,67.52962493896484,46717100
2017-07-24,67.35575103759766,21394800
2017-07-25,67.8956527709961,22018700
2017-07-26,67.76753997802734,16252200
2017-07-27,66.95306396484375,36844200
2017-07-28,66.8432388305664,18306700
2017-07-31,66.53208923339844,23600100
2017-08-01,66.42227935791016,22132300
2017-08-02,66.1294174194336,26499200
2017-08-03,66.02874755859375,18214400
2017-08-04,66.51378631591797,22579000
2017-08-07,66.25755310058594,18705700
2017-08-08,66.61446380615234,22044600
2017-08-09,66.32160949707031,22213400
2017-08-10,65.35153198242188,24734500
2017-08-11,66.34906005859375,21443700
2017-08-14,67.3465805053711,20096600
2017-08-15,67.36497497558594,19181400
2017-08-16,67.76061248779297,18150400
2017-08-17,66.61055755615234,22977500
2017-08-18,66.693359375,18761500
2017-08-21,66.38053894042969,17734800
2017-08-22,67.30978393554688,14343700
2017-08-23,66.90496063232422,13766500
2017-08-24,66.87736511230469,17098300
2017-08-25,66.99696350097656,12794300
2017-08-28,67.00614166259766,14569700
2017-08-29,67.20857238769531,11478400
2017-08-30,68.091796875,16897800
2017-08-31,68.79104614257812,27652800
2017-09-01,68.02741241455078,21736200
2017-09-05,67.72379302978516,21556000
2017-09-06,67.53057098388672,16535800
2017-09-07,68.39541625976562,17471200
2017-09-08,68.06420135498047,14703800
2017-09-11,68.78182983398438,17910400
2017-09-12,68.70823669433594,14394900
2017-09-13,69.19586181640625,13380800
2017-09-14,68.79104614257812,15733900
2017-09-15,69.28783416748047,38578400
2017-09-18,69.14984893798828,23307000
2017-09-19,69.40746307373047,16093300
2017-09-20,68.94744110107422,21587900
2017-09-21,68.27581024169922,19186100
2017-09-22,68.4598388671875,14111400
2017-09-25,67.40176391601562,24149200
2017-09-26,67.40176391601562,18019600
2017-09-27,67.94458770751953,19565100
2017-09-28,67.96300506591797,10883800
2017-09-29,68.53343963623047,17079100
2017-10-02,68.64382934570312,15304800
2017-10-03,68.32184600830078,12190400
2017-10-04,68.71741485595703,13317700
2017-10-05,69.89507293701172,21195300
2017-10-06,69.92268371582031,13959800
2017-10-09,70.18949127197266,11386500
2017-10-10,70.18949127197266,13944500
2017-10-11,70.30907440185547,15388900
2017-10-12,70.95314025878906,16876500
2017-10-13,71.29354858398438,15335700
2017-10-16,71.44073486328125,12380100
2017-10-17,71.38553619384766,16824000
2017-10-18,71.40393829345703,13300700
2017-10-19,71.67996215820312,15092800
2017-10-20,72.5079574584961,22866400
2017-10-23,72.52638244628906,20627200
2017-10-24,72.55400848388672,17517200
2017-10-25,72.34237670898438,20410800
2017-10-26,72.46196746826172,32120700
2017-10-27,77.1081314086914,71066700
2017-10-30,77.18174743652344,31756700
2017-10-31,76.52854919433594,27086600
2017-11-01,76.52854919433594,22307400
2017-11-02,77.32896423339844,23992900
2017-11-03,77.4117660522461,17633500
2017-11-06,77.71537780761719,19860900
2017-11-07,77.53135681152344,17939700
2017-11-08,77.79817962646484,18034200
2017-11-09,77.36577606201172,21178400
2017-11-10,77.16334533691406,19397800
2017-11-13,77.21854400634766,14196900
2017-11-14,77.32896423339844,18801300
2017-11-15,76.72794342041016,19383100
2017-11-16,76.93136596679688,20962800
2017-11-17,76.19163513183594,22079000
2017-11-20,76.31182861328125,16315000
2017-11-21,77.41218566894531,21237500
2017-11-22,76.84814453125,20553100
2017-11-24,76.98684692382812,7425600
2017-11-27,77.55087280273438,18265200
2017-11-28,78.48478698730469,21926000
2017-11-29,77.06080627441406,27381100
2017-11-30,77.82828521728516,33054600
2017-12-01,77.91149139404297,29532100
2017-12-04,74.97110748291016,39094900
2017-12-05,75.44265747070312,26152300
2017-12-06,76.54300689697266,26162100
2017-12-07,76.27484893798828,23184500
2017-12-08,77.81901550292969,24489100
2017-12-11,78.80841827392578,22857900
2017-12-12,79.13203430175781,23924100
2017-12-13,78.91937255859375,22062700
2017-12-14,78.30908966064453,19306000
2017-12-15,80.30635833740234,53936700
2017-12-18,79.87176513671875,22283800
2017-12-19,79.36321258544922,23524800
2017-12-20,79.07655334472656,23674900
2017-12-21,79.05805206298828,17990700
2017-12-22,79.06732177734375,14145800
2017-12-26,78.96559143066406,9891200
2017-12-27,79.25224304199219,14678000
2017-12-28,79.26150512695312,10594300
2017-12-29,79.09504699707031,18717400
2018-01-02,79.4741439819336,22483800
2018-01-03,79.84403228759766,26061400
2018-01-04,80.5467758178711,21912000
2018-01-05,81.54539489746094,23407100
2018-01-08,81.62859344482422,22113000
2018-01-09,81.5731201171875,19484300
2018-01-10,81.20326232910156,18652200
2018-01-11,81.44367218017578,17808900
2018-01-12,82.84915161132812,24271500
2018-01-16,81.69332122802734,36599700
2018-01-17,83.34845733642578,25621200
2018-01-18,83.31147003173828,24159700
2018-01-19,83.21902465820312,36875000
2018-01-22,84.70770263671875,23601600
2018-01-23,84.9758529663086,23412800
2018-01-24,84.90188598632812,33277500
2018-01-25,85.37347412109375,26383200
2018-01-26,86.97310638427734,29172200
2018-01-29,86.84365844726562,31569900
2018-01-30,85.7525634765625,38635100
2018-01-31,87.85154724121094,48756300
2018-02-01,87.15805053710938,47227900
2018-02-02,84.8648910522461,47867800
2018-02-05,81.3697280883789,51031500
2018-02-06,84.44882202148438,67998600
2018-02-07,82.8583984375,41107600
2018-02-08,78.60501098632812,55628700
2018-02-09,81.53614807128906,63499100
2018-02-12,82.41455078125,35720300
2018-02-13,83.06182861328125,26407700
2018-02-14,84.36243438720703,34960900
2018-02-15,86.08106231689453,27823900
2018-02-16,85.46794128417969,30596900
2018-02-20,86.13681030273438,30911700
2018-02-21,84.99412536621094,26922500
2018-02-22,85.21708679199219,24392800
2018-02-23,87.38166809082031,26329200
2018-02-26,88.64509582519531,30199800
2018-02-27,87.51171875,25869100
2018-02-28,87.11226654052734,31167300
2018-03-01,86.25757598876953,37135600
2018-03-02,86.4433822631836,32830400
2018-03-05,86.99149322509766,23901600
2018-03-06,86.69419860839844,22175800
2018-03-07,87.19586944580078,26716100
2018-03-08,87.72541046142578,25887800
2018-03-09,89.68558502197266,36937300
2018-03-12,89.89923858642578,26073700
2018-03-13,87.70684051513672,35387800
2018-03-14,87.18659973144531,32132000
2018-03-15,87.49314880371094,27611000
2018-03-16,87.88333129882812,49081300
2018-03-19,86.29475402832031,33344100
2018-03-20,86.51773071289062,23075200
2018-03-21,85.91386413574219,24457100
2018-03-22,83.41484832763672,38604700
2018-03-23,80.99015808105469,44068900
2018-03-26,87.12155151367188,56396800
2018-03-27,83.11756134033203,56569000
2018-03-28,83.04325103759766,52501100
2018-03-29,84.7897720336914,45867500
2018-04-02,82.2350082397461,48515400
2018-04-03,83.34051513671875,37213800
2018-04-04,85.7745132446289,35560000
2018-04-05,85.82095336914062,29771900
2018-04-06,83.82361602783203,38026000
2018-04-09,84.32524871826172,31533900
2018-04-10,86.28543853759766,26812000
2018-04-11,85.3378677368164,24872100
2018-04-12,86.93575286865234,26758900
2018-04-13,86.47124481201172,23346100
2018-04-16,87.48384857177734,20288100
2018-04-17,89.24896240234375,26771000
2018-04-18,89.59269714355469,21043300
2018-04-19,89.28612518310547,23552500
2018-04-20,88.2549057006836,31154400
2018-04-23,88.580078125,22331800
2018-04-24,86.50839233398438,34524800
2018-04-25,85.75592041015625,33729300
2018-04-26,87.5674819946289,42529000
2018-04-27,89.01673126220703,48272800
2018-04-30,86.88002014160156,41523600
2018-05-01,88.2549057006836,31408900
2018-05-02,86.87073516845703,27471000
2018-05-03,87.39097595214844,31142500
2018-05-04,88.4035873413086,22531300
2018-05-07,89.38829803466797,24242000
2018-05-08,89.00741577148438,23484600
2018-05-09,90.05719757080078,27327400
2018-05-10,90.95833587646484,22388100
2018-05-11,90.76322174072266,16778300
2018-05-14,91.06980895996094,19454100
2018-05-15,90.41021728515625,24594000
2018-05-16,90.64346313476562,17384700
2018-05-17,89.7384262084961,17246700
2018-05-18,89.90638732910156,17865800
2018-05-21,91.06331634521484,19422500
2018-05-22,90.97003173828125,15441200
2018-05-23,92.05232238769531,21251200
2018-05-24,91.72576141357422,26649300
2018-05-25,91.77241516113281,18363900
2018-05-29,91.44586181640625,28671000
2018-05-30,92.32292938232422,22158500
2018-05-31,92.22026824951172,34140900
2018-06-01,94.03968048095703,28655600
2018-06-04,94.86075592041016,27281600
2018-06-05,95.34590911865234,23514400
2018-06-06,95.62584686279297,21122900
2018-06-07,94.12366485595703,28232200
2018-06-08,94.82341003417969,22165100
2018-06-11,94.28226470947266,23490900
2018-06-12,94.52486419677734,18325200
2018-06-13,94.09564208984375,29492900
2018-06-14,94.62747955322266,25691800
2018-06-15,93.42386627197266,65738600
2018-06-18,94.10498809814453,23586000
2018-06-19,94.10498809814453,28653100
2018-06-20,95.04737091064453,26180800
2018-06-21,94.36625671386719,23198200
2018-06-22,93.68512725830078,38923100
2018-06-25,91.8004150390625,35433300
2018-06-26,92.44422149658203,26897200
2018-06-27,91.00733184814453,31298400
2018-06-28,92.02435302734375,26650700
2018-06-29,92.00567626953125,28053200
2018-07-02,93.31192779541016,19564500
2018-07-03,92.41622161865234,14670300
2018-07-05,93.07867431640625,18977400
2018-07-06,94.3849105834961,19234600
2018-07-09,95.0286865234375,18212000
2018-07-10,95.28060150146484,19293100
2018-07-11,95.14997100830078,19644600
2018-07-12,97.21196746826172,24335900
2018-07-13,98.36892700195312,24635200
2018-07-16,97.88374328613281,21786900
2018-07-17,98.85411071777344,25901700
2018-07-18,98.0796890258789,29493900
2018-07-19,97.40790557861328,40171600
2018-07-20,99.15264892578125,56004000
2018-07-23,100.73880767822266,29707000
2018-07-24,100.4495620727539,26316600
2018-07-25,103.40727233886719,30702100
2018-07-26,102.27830505371094,31372100
2018-07-27,100.46821594238281,37005300
2018-07-30,98.31292724609375,34668300
2018-07-31,98.97537994384766,27655200
2018-08-01,99.1619873046875,23628700
2018-08-02,100.3656005859375,26104300
2018-08-03,100.80412292480469,18659600
2018-08-06,100.8880844116211,20265900
2018-08-07,101.5878677368164,16080200
2018-08-08,102.15701293945312,15487500
2018-08-09,102.324951171875,13677200
2018-08-10,101.69981384277344,18183700
2018-08-13,100.96275329589844,18472500
2018-08-14,102.2223129272461,16788300
2018-08-15,100.83612060546875,29982800
2018-08-16,100.8174057006836,21384300
2018-08-17,100.76119995117188,18061500
2018-08-20,100.09622192382812,17914200
2018-08-21,99.26262664794922,22881900
2018-08-22,100.274169921875,18000600
2018-08-23,100.74246978759766,18167700
2018-08-24,101.52923583984375,17234000
2018-08-27,102.65316772460938,19662300
2018-08-28,103.2713394165039,19151500
2018-08-29,104.9197769165039,20818000
2018-08-30,104.85420989990234,22798700
2018-08-31,105.21014404296875,23222700
2018-09-04,104.6294174194336,22634600
2018-09-05,101.61353302001953,32872400
2018-09-06,101.84766387939453,23477600
2018-09-07,101.35128784179688,22498600
2018-09-10,102.44709777832031,20727900
2018-09-11,104.18919372558594,24301800
2018-09-12,104.6294174194336,18891100
2018-09-13,105.75336456298828,26055600
2018-09-14,106.18421173095703,19122300
2018-09-17,105.03218078613281,20736500
2018-09-18,106.03433227539062,22170900
2018-09-19,104.62007141113281,21728400
2018-09-20,106.37152862548828,23714500
2018-09-21,107.0177993774414,71229700
2018-09-24,107.40181732177734,27334500
2018-09-25,107.19575500488281,22668000
2018-09-26,106.75554656982422,19352000
2018-09-27,107.15829467773438,19091300
2018-09-28,107.12084197998047,21647800
2018-10-01,108.28226470947266,18883100
2018-10-02,107.85138702392578,20787200
2018-10-03,107.87013244628906,16648000
2018-10-04,105.6409683227539,34821700
2018-10-05,105.0228042602539,29068900
2018-10-08,103.82392883300781,29640600
2018-10-09,105.14459228515625,26198600
2018-10-10,99.43122100830078,61376300
2018-10-11,99.1970443725586,63904300
2018-10-12,102.62506866455078,47742100
2018-10-15,100.77993774414062,32068100
2018-10-16,103.96443176269531,31610200
2018-10-17,103.69281768798828,26548200
2018-10-18,101.62291717529297,32506200
2018-10-19,101.77273559570312,32785500
2018-10-22,102.6812515258789,26545600
2018-10-23,101.24822998046875,43770400
2018-10-24,95.83460235595703,63897800
2018-10-25,101.43556213378906,61646800
2018-10-26,100.18050384521484,55523100
2018-10-29,97.26763153076172,55162000
2018-10-30,97.15523529052734,65350900
2018-10-31,100.04002380371094,51062400
2018-11-01,99.20640563964844,33384200
2018-11-02,99.43122100830078,37680200
2018-11-05,100.69563293457031,27922100
2018-11-06,100.8923110961914,24340200
2018-11-07,104.86357116699219,37901700
2018-11-08,104.6668930053711,25644100
2018-11-09,102.62506866455078,32039200
2018-11-12,100.09622192382812,33621800
2018-11-13,100.16175842285156,35374600
2018-11-14,98.74137878417969,39495100
2018-11-15,100.91429138183594,38505200
2018-11-16,101.86436462402344,33502100
2018-11-19,98.41212463378906,44773900
2018-11-20,95.6747817993164,64052500
2018-11-21,96.9917221069336,28130600
2018-11-23,96.95413208007812,13823100
2018-11-26,100.15238189697266,32336200
2018-11-27,100.78258514404297,29124500
2018-11-28,104.52645874023438,46788500
2018-11-29,103.65164184570312,28123200
2018-11-30,104.3100814819336,33665600
2018-12-03,105.43890380859375,34732800
2018-12-04,102.08070373535156,45197000
2018-12-06,102.71098327636719,49107400
2018-12-07,98.60027313232422,45044900
2018-12-10,101.2059097290039,40801500
2018-12-11,102.14655303955078,42381900
2018-12-12,102.60749053955078,36183000
2018-12-13,102.95553588867188,31333400
2018-12-14,99.73846435546875,47043100
2018-12-17,96.78478240966797,56957300
2018-12-18,97.80071258544922,49319200
2018-12-19,97.53730773925781,68198200
2018-12-20,95.48667907714844,70334200
2018-12-21,92.40128326416016,111242100
2018-12-24,88.5445556640625,43935200
2018-12-26,94.59304809570312,51634800
2018-12-27,95.17626190185547,49498500
2018-12-28,94.4331283569336,38196300
2018-12-31,95.54313659667969,33173800
2019-01-02,95.11982727050781,35329300
2019-01-03,91.62055206298828,42579100
2019-01-04,95.88175964355469,44060600
2019-01-07,96.00404357910156,35656100
2019-01-08,96.70011138916016,31514400
2019-01-09,98.08289337158203,32280800
2019-01-10,97.45269012451172,30067600
2019-01-11,96.70011138916016,28314200
2019-01-14,95.99462890625,28437100
2019-01-15,98.77899169921875,31587600
2019-01-16,99.12702178955078,29853900
2019-01-17,99.82313537597656,28393000
2019-01-18,101.31878662109375,37427600
2019-01-22,99.40924072265625,32371300
2019-01-23,100.37812805175781,25874300
2019-01-24,99.89838409423828,23164800
2019-01-25,100.81083679199219,31225600
2019-01-28,98.84483337402344,29476700
2019-01-29,96.8318099975586,31490500
2019-01-30,100.06770324707031,49471900
2019-01-31,98.2334213256836,55636400
2019-02-01,96.68132019042969,35535700
2019-02-04,99.4656753540039,31315100
2019-02-05,100.85785675048828,27325400
2019-02-06,99.73846435546875,20609800
2019-02-07,99.02356719970703,29760700
2019-02-08,99.39984130859375,21461100
2019-02-11,99.0047607421875,18914100
2019-02-12,100.54745483398438,25056600
2019-02-13,100.47218322753906,18394900
2019-02-14,100.55683898925781,21784700
2019-02-15,101.79852294921875,26606900
2019-02-19,101.7514877319336,18038500
2019-02-20,101.22245025634766,21607700
2019-02-21,103.3574447631836,29063200
2019-02-22,104.83116149902344,27763200
2019-02-25,105.4168472290039,23750600
2019-02-26,106.14424896240234,21536700
2019-02-27,105.96473693847656,21487100
2019-02-28,105.8324966430664,29083900
2019-03-01,106.30484771728516,23501200
2019-03-04,106.0497817993164,26608000
2019-03-05,105.52076721191406,19538300
2019-03-06,105.56800842285156,17687000
2019-03-07,104.2832260131836,25339000
2019-03-08,104.39659881591797,22818400
2019-03-11,106.58824157714844,26491600
2019-03-12,107.33454132080078,26132700
2019-03-13,108.1658706665039,35513800
2019-03-14,108.25089263916016,30763400
2019-03-15,109.49788665771484,54681100
2019-03-18,111.06602478027344,31207600
2019-03-19,111.14159393310547,37588700
2019-03-20,111.018798828125,28113300
2019-03-21,113.5694351196289,29854400
2019-03-22,110.57481384277344,33624500
2019-03-25,111.15107727050781,27067100
2019-03-26,111.38720703125,26097700
2019-03-27,110.31028747558594,22733400
2019-03-28,110.46144104003906,18334800
2019-03-29,111.41555786132812,25399800
2019-04-01,112.43582153320312,22789100
2019-04-02,112.59642791748047,18142300
2019-04-03,113.33326721191406,22860700
2019-04-04,112.75701904296875,20112800
2019-04-05,113.25769805908203,15826200
2019-04-08,113.29547119140625,15116200
2019-04-09,112.68144226074219,17612000
2019-04-10,113.54109191894531,16477200
2019-04-11,113.67333984375,14209100
2019-04-12,114.2590560913086,19745100
2019-04-15,114.35352325439453,15792600
2019-04-16,114.0889892578125,14071800
2019-04-17,115.03368377685547,19300900
2019-04-18,116.54517364501953,27991000
2019-04-22,116.91361236572266,15648700
2019-04-23,118.50064849853516,24025500
2019-04-24,118.09444427490234,31257000
2019-04-25,122.00543975830078,38033900
2019-04-26,122.7044906616211,23654900
2019-04-29,122.59114074707031,16324200
2019-04-30,123.3752212524414,24166500
2019-05-01,120.80567932128906,26821700
2019-05-02,119.22806549072266,27350200
2019-05-03,121.76924896240234,24911100
2019-05-06,121.06073760986328,24239800
2019-05-07,118.57621765136719,36017700
2019-05-08,118.56680297851562,28419000
2019-05-09,118.5573501586914,27235800
2019-05-10,120.09717559814453,30915100
2019-05-13,116.52629852294922,33944900
2019-05-14,117.82994842529297,25266300
2019-05-15,119.48924255371094,24722700
2019-05-16,122.24842834472656,30112200
2019-05-17,121.43302154541016,25770500
2019-05-20,119.67890167236328,23706900
2019-05-21,120.32366943359375,15293300
2019-05-22,121.05374145507812,15396500
2019-05-23,119.64095306396484,23603800
2019-05-24,119.69784545898438,14123400
2019-05-28,119.62200164794922,23128400
2019-05-29,118.46521759033203,22763100
2019-05-30,119.21426391601562,16829600
2019-05-31,117.27050018310547,26646800
2019-06-03,113.62950897216797,37983600
2019-06-04,116.7774658203125,29382600
2019-06-05,119.3091049194336,24926100
2019-06-06,121.19596099853516,21459000
2019-06-07,124.59043884277344,33885600
2019-06-10,125.72827911376953,26477100
2019-06-11,125.254150390625,23913700
2019-06-12,124.67578887939453,17092500
2019-06-13,125.46279907226562,17200800
2019-06-14,125.58600616455078,17821700
2019-06-17,125.96527862548828,14517800
2019-06-18,128.15557861328125,25934500
2019-06-19,128.6581268310547,23744400
2019-06-20,129.85281372070312,33042600
2019-06-21,129.87179565429688,36727900
2019-06-24,130.6398468017578,20628800
2019-06-25,126.51525115966797,33327400
2019-06-26,126.98930358886719,23657700
2019-06-27,127.19791412353516,16557500
2019-06-28,127.01778411865234,30043000
2019-07-01,128.64862060546875,22613500
2019-07-02,129.50201416015625,15237800
2019-07-03,130.3363800048828,13629300
2019-07-05,129.95716857910156,18141100
2019-07-08,129.86228942871094,16779700
2019-07-09,129.38819885253906,19953100
2019-07-10,130.70623779296875,24204400
2019-07-11,131.22769165039062,22327900
2019-07-12,131.7017822265625,18936800
2019-07-15,131.7017822265625,16651500
2019-07-16,129.97608947753906,22726100
2019-07-17,129.20809936523438,20211000
2019-07-18,129.35031127929688,30381800
2019-07-19,129.53990173339844,48992400
2019-07-22,131.25611877441406,25074900
2019-07-23,132.07154846191406,18034600
2019-07-24,133.4274444580078,20738300
2019-07-25,132.92494201660156,18356900
2019-07-26,134.01528930664062,19037600
2019-07-29,133.72140502929688,16605900
2019-07-30,133.07664489746094,16846500
2019-07-31,129.20809936523438,38598800
2019-08-01,130.9053192138672,40557500
2019-08-02,129.80540466308594,30791600
2019-08-05,125.35846710205078,42749600
2019-08-06,127.7099609375,32696700
2019-08-07,128.26937866210938,33414500
2019-08-08,131.6922607421875,27496500
2019-08-09,130.57347106933594,23466700
2019-08-12,128.75291442871094,20484300
2019-08-13,131.41732788085938,25154600
2019-08-14,127.459716796875,32527300
2019-08-15,127.17433166503906,28074400
2019-08-16,129.505126953125,24449100
2019-08-19,131.6741943359375,24355700
2019-08-20,130.58016967773438,21170800
2019-08-21,132.0356903076172,14970300
2019-08-22,131.07485961914062,18697000
2019-08-23,126.89847564697266,38508600
2019-08-26,128.8582000732422,20312600
2019-08-27,129.13412475585938,23102100
2019-08-28,128.96287536621094,17393300
2019-08-29,131.3982696533203,20168700
2019-08-30,131.15093994140625,23940100
2019-09-03,129.4195098876953,18869300
2019-09-04,130.9321746826172,17995900
2019-09-05,133.23439025878906,26101800
2019-09-06,132.3306121826172,20824500
2019-09-09,130.82749938964844,25773900
2019-09-10,129.4575653076172,28903400
2019-09-11,129.49559020996094,24726100
2019-09-12,130.82749938964844,27010000
2019-09-13,130.63720703125,23363100
2019-09-16,129.6954345703125,16731400
2019-09-17,130.703857421875,17814200
2019-09-18,131.77879333496094,23982100
2019-09-19,134.20477294921875,35772100
2019-09-20,132.65403747558594,39167300
2019-09-23,132.36862182617188,17139300
2019-09-24,130.69432067871094,29773200
2019-09-25,132.5779571533203,21382000
2019-09-26,132.74917602539062,17456600
2019-09-27,131.02731323242188,22477700
2019-09-30,132.26402282714844,17280900
2019-10-01,130.39938354492188,21466600
2019-10-02,128.09715270996094,30521700
2019-10-03,129.64785766601562,24132900
2019-10-04,131.3982696533203,22897700
2019-10-07,130.44692993164062,15303700
2019-10-08,129.06747436523438,25550500
2019-10-09,131.512451171875,19749900
2019-10-10,132.3306121826172,17654600
2019-10-11,132.8823699951172,25446000
2019-10-14,132.75869750976562,13304300
2019-10-15,134.68043518066406,19695700
2019-10-16,133.57687377929688,20751600
2019-10-17,132.89187622070312,21460600
2019-10-18,130.72288513183594,32273500
2019-10-21,131.69322204589844,20078200
2019-10-22,129.73348999023438,27431000
2019-10-23,130.56109619140625,29844600
2019-10-24,133.1297149658203,37029300
2019-10-25,133.88125610351562,25959700
2019-10-28,137.1728515625,35280100
2019-10-29,135.8791046142578,20589500
2019-10-30,137.57247924804688,18496600
2019-10-31,136.39279174804688,24605100
2019-11-01,136.72576904296875,33128400
2019-11-04,137.51536560058594,16912000
2019-11-05,137.4297637939453,18250200
2019-11-06,137.04920959472656,16575800
2019-11-07,137.23947143554688,17786700
2019-11-08,138.8567352294922,16732700
2019-11-11,138.99949645996094,14362600
2019-11-12,139.9127655029297,18641600
2019-11-13,140.14102172851562,16919200
2019-11-14,140.8545684814453,19729800
2019-11-15,142.67160034179688,23485700
2019-11-18,143.02359008789062,21534000
2019-11-19,143.07118225097656,23935700
2019-11-20,142.8229522705078,25696800
2019-11-21,142.68930053710938,18576100
2019-11-22,142.7943572998047,15901800
2019-11-25,144.35984802246094,22420900
2019-11-26,145.12347412109375,24620100
2019-11-27,145.40029907226562,15184400
2019-11-29,144.5030059814453,11977300
2019-12-02,142.75613403320312,27418400
2019-12-03,142.52706909179688,24066000
2019-12-04,143.04254150390625,17574700
2019-12-05,143.11888122558594,17869100
2019-12-06,144.8561553955078,16403500
2019-12-09,144.48394775390625,16687400
2019-12-10,144.26438903808594,16476100
2019-12-11,144.80845642089844,18856600
2019-12-12,146.27850341796875,24612100
2019-12-13,147.50991821289062,23845400
2019-12-16,148.4644775390625,24144200
2019-12-17,147.6626434326172,25425600
2019-12-18,147.35720825195312,24129200
2019-12-19,148.6363067626953,24958900
2019-12-20,150.25906372070312,53477500
2019-12-23,150.25906372070312,17718200
2019-12-24,150.23046875,8989200
2019-12-26,151.4618377685547,14520600
2019-12-27,151.73870849609375,18412800
2019-12-30,150.43093872070312,16348400
2019-12-31,150.535888671875,18369400
2020-01-02,153.32322692871094,22622100
2020-01-03,151.41412353515625,21116200
2020-01-06,151.80548095703125,20813700
2020-01-07,150.4213409423828,21634100
2020-01-08,152.81736755371094,27746500
2020-01-09,154.72647094726562,21385000
2020-01-10,154.01055908203125,20725900
2020-01-13,155.86241149902344,21626500
2020-01-14,154.76467895507812,23477400
2020-01-15,155.76698303222656,21417900
2020-01-16,158.6211395263672,23865400
2020-01-17,159.5088653564453,34371700
2020-01-21,158.9361114501953,29517200
2020-01-22,158.17250061035156,24138800
2020-01-23,159.14617919921875,19680800
2020-01-24,157.54251098632812,24918100
2020-01-27,154.9078369140625,32078100
2020-01-28,157.943359375,24899900
2020-01-29,160.40615844726562,34754500
2020-01-30,164.9308624267578,51597500
2020-01-31,162.49667358398438,36142700
2020-02-03,166.45816040039062,30107000
2020-02-04,171.9374237060547,36433300
2020-02-05,171.72740173339844,39186300
2020-02-06,175.2879638671875,27751400
2020-02-07,175.5361328125,33529100
2020-02-10,180.1276092529297,35844300
2020-02-11,176.06118774414062,53159900
2020-02-12,176.31887817382812,47062900
2020-02-13,175.36434936523438,35295800
2020-02-14,176.92984008789062,23149500
2020-02-18,178.72442626953125,27792200
2020-02-19,179.26040649414062,29997500
2020-02-20,176.5228729248047,36862400
2020-02-21,170.94252014160156,48572600
2020-02-24,163.5723114013672,68311100
2020-02-25,160.87303161621094,68073300
2020-02-26,162.8831329345703,56206100
2020-02-27,151.406494140625,93174900
2020-02-28,155.07252502441406,97012700
2020-03-02,165.3909149169922,71030800
2020-03-03,157.46546936035156,71677000
2020-03-04,163.246826171875,49814400
2020-03-05,159.1501007080078,47817300
2020-03-06,154.65138244628906,72821100
2020-03-09,144.1702423095703,70419300
2020-03-10,154.02920532226562,65354400
2020-03-11,147.05136108398438,56371600
2020-03-12,133.1053009033203,93226400
2020-03-13,152.02870178222656,92727400
2020-03-16,129.6211395263672,87905900
2020-03-17,140.29371643066406,81059800
2020-03-18,134.38787841796875,81593200
2020-03-19,136.59898376464844,85922700
2020-03-20,131.46853637695312,84866200
2020-03-23,130.1571502685547,78975200
2020-03-24,141.9878692626953,82516700
2020-03-25,140.6287078857422,75638200
2020-03-26,149.4251708984375,64568100
2020-03-27,143.28964233398438,57042300
2020-03-30,153.3687286376953,63420300
2020-03-31,150.9566650390625,77927200
2020-04-01,145.596435546875,57969900
2020-04-02,148.611572265625,49630700
2020-04-03,147.2427978515625,41243300
2020-04-06,158.19293212890625,67111700
2020-04-07,156.48915100097656,62769000
2020-04-08,158.0589141845703,48318200
2020-04-09,158.06849670410156,51385100
2020-04-13,158.4226531982422,41905300
2020-04-14,166.26194763183594,52874300
2020-04-15,164.51992797851562,40940800
2020-04-16,169.45892333984375,50479600
2020-04-17,170.95211791992188,52765600
2020-04-20,167.563720703125,36669600
2020-04-21,160.63375854492188,56203700
2020-04-22,166.08966064453125,34620200
2020-04-23,164.0795135498047,32790800
2020-04-24,167.07554626464844,34277600
2020-04-27,166.59698486328125,33194400
2020-04-28,162.5384979248047,34392700
2020-04-29,169.83221435546875,51286600
2020-04-30,171.53602600097656,53875900
2020-05-01,167.09471130371094,39370500
2020-05-04,171.1818084716797,30372900
2020-05-05,173.0196075439453,36839200
2020-05-06,174.72337341308594,32139300
2020-05-07,175.7379913330078,28316000
2020-05-08,176.77175903320312,30877800
2020-05-11,178.74354553222656,30892700
2020-05-12,174.69473266601562,32038200
2020-05-13,172.05287170410156,44711500
2020-05-14,172.7994842529297,41873900
2020-05-15,175.3168487548828,46610400
2020-05-18,176.99188232421875,35264500
2020-05-19,175.76675415039062,26799100
2020-05-20,178.20472717285156,31261300
2020-05-21,176.06427001953125,29119500
2020-05-22,176.14105224609375,20826900
2020-05-26,174.2789764404297,36073600
2020-05-27,174.5093536376953,39517100
2020-05-28,174.11578369140625,33810200
2020-05-29,175.89151000976562,42130400
2020-06-01,175.4884033203125,22622400
2020-06-02,177.48483276367188,30794600
2020-06-03,177.9167938232422,27311000
2020-06-04,175.5747528076172,28761800
2020-06-05,179.68284606933594,39893600
2020-06-08,180.79632568359375,33211600
2020-06-09,182.17848205566406,29783900
2020-06-10,188.93577575683594,43872300
2020-06-11,178.7902374267578,52854700
2020-06-12,180.2012481689453,43373600
2020-06-15,181.35299682617188,32770200
2020-06-16,185.79713439941406,42556700
2020-06-17,186.44021606445312,25687800
2020-06-18,188.4366912841797,23061600
2020-06-19,187.31365966796875,44441100
2020-06-22,192.51602172851562,32818900
2020-06-23,193.8022003173828,30917400
2020-06-24,189.89566040039062,36740600
2020-06-25,192.29522705078125,27803900
2020-06-26,188.44627380371094,54675800
2020-06-29,190.47157287597656,26701600
2020-06-30,195.3379669189453,34310300
2020-07-01,196.4801483154297,32061200
2020-07-02,197.9775390625,29315800
2020-07-06,202.23922729492188,31897600
2020-07-07,199.8876495361328,33600700
2020-07-08,204.28372192382812,33600000
2020-07-09,205.7139129638672,33121700
2020-07-10,205.0899658203125,26177600
2020-07-13,198.7550048828125,38135600
2020-07-14,199.98361206054688,37591800
2020-07-15,199.68605041503906,32179400
2020-07-16,195.73147583007812,29940700
2020-07-17,194.7332305908203,31635300
2020-07-20,203.1031036376953,36884800
2020-07-21,200.3675537109375,37990400
2020-07-22,203.24705505371094,49605700
2020-07-23,194.40692138671875,67457000
2020-07-24,193.21670532226562,39827000
2020-07-27,195.66432189941406,30160900
2020-07-28,193.90780639648438,23251400
2020-07-29,195.8658447265625,19632600
2020-07-30,195.71229553222656,25079600
2020-07-31,196.77772521972656,51044000
2020-08-03,207.84475708007812,78983000
2020-08-04,204.7252197265625,49280100
2020-08-05,204.3892822265625,28806400
2020-08-06,207.66236877441406,32656800
2020-08-07,203.94776916503906,27820400
2020-08-10,199.8876495361328,36716500
2020-08-11,195.21315002441406,36446500
2020-08-12,200.7898712158203,28013100
2020-08-13,200.31954956054688,22588900
2020-08-14,200.5115203857422,17958900
2020-08-17,201.83615112304688,20184800
2020-08-18,202.99752807617188,21336200
2020-08-19,201.76597595214844,27627600
2020-08-20,206.46133422851562,26981500
2020-08-21,204.96035766601562,36249300
2020-08-24,205.60498046875,25460100
2020-08-25,208.27981567382812,23043700
2020-08-26,212.78273010253906,39600800
2020-08-27,218.00729370117188,57602200
2020-08-28,220.2491455078125,26292900
2020-08-31,216.99705505371094,28774200
2020-09-01,218.6711883544922,25725500
2020-09-02,222.88548278808594,34080800
2020-09-03,209.07843017578125,58400300
2020-09-04,206.14378356933594,59664100
2020-09-08,194.9923095703125,52924300
2020-09-09,203.2957763671875,45679000
2020-09-10,197.59976196289062,35461500
2020-09-11,196.31051635742188,33620100
2020-09-14,197.6382598876953,30375800
2020-09-15,200.8807373046875,21823900
2020-09-16,197.29193115234375,26328100
2020-09-17,195.23284912109375,34011300
2020-09-18,192.8081817626953,55225300
2020-09-21,194.87686157226562,39839700
2020-09-22,199.5721893310547,33517100
2020-09-23,193.00062561035156,30803800
2020-09-24,195.5023193359375,31202500
2020-09-25,199.95706176757812,29437300
2020-09-28,201.51580810546875,32004900
2020-09-29,199.41827392578125,24221900
2020-09-30,202.3721160888672,33829100
2020-10-01,204.42152404785156,27158400
2020-10-02,198.38873291015625,33154800
2020-10-05,202.42025756835938,21331600
2020-10-06,198.11935424804688,28554300
2020-10-07,201.89102172851562,25681100
2020-10-08,202.61268615722656,19925800
2020-10-09,207.64476013183594,26458000
2020-10-12,213.0232696533203,40461400
2020-10-13,214.42808532714844,28950800
2020-10-14,212.5037078857422,23421700
2020-10-15,211.34912109375,22733100
2020-10-16,211.34912109375,26057900
2020-10-19,206.1149444580078,27625800
2020-10-20,206.5286407470703,22753500
2020-10-21,206.67300415039062,22724900
2020-10-22,206.7595977783203,22351500
2020-10-23,208.04884338378906,18879600
2020-10-26,202.131591796875,37111600
2020-10-27,205.181640625,36700300
2020-10-28,195.01156616210938,51195600
2020-10-29,196.97438049316406,31432600
2020-10-30,194.80947875976562,36953700
2020-11-02,194.67481994628906,30842200
2020-11-03,198.6196746826172,27512000
2020-11-04,208.2028350830078,42311800
2020-11-05,214.84176635742188,36080100
2020-11-06,215.25550842285156,25231900
2020-11-09,210.12713623046875,44395000
2020-11-10,203.0264129638672,44045100
2020-11-11,208.35679626464844,29440800
2020-11-12,207.28878784179688,21593900
2020-11-13,208.3182830810547,18621100
2020-11-16,209.0110626220703,24953300
2020-11-17,206.34588623046875,24154100
2020-11-18,203.62547302246094,28372800
2020-11-19,204.9181365966797,24792700
2020-11-20,202.95980834960938,22843100
2020-11-23,202.689697265625,25683500
2020-11-24,206.30728149414062,33979700
2020-11-25,206.31692504882812,21012900
2020-11-27,207.62889099121094,14512200
2020-11-30,206.50987243652344,33064800
2020-12-01,208.57427978515625,30904500
2020-12-02,207.76394653320312,23724500
2020-12-03,206.67384338378906,25120900
2020-12-04,206.7895965576172,24666000
2020-12-07,206.72210693359375,24620000
2020-12-08,208.38134765625,23284100
2020-12-09,204.32003784179688,32440600
2020-12-10,203.08522033691406,26733300
2020-12-11,205.72842407226562,30979400
2020-12-14,206.63523864746094,28798400
2020-12-15,206.5677490234375,27000600
2020-12-16,211.5358428955078,35023300
2020-12-17,211.67091369628906,32515800
2020-12-18,210.87022399902344,63354900
2020-12-21,214.72897338867188,37181900
2020-12-22,216.03131103515625,22612200
2020-12-23,213.21441650390625,18699600
2020-12-24,214.88330078125,10550600
2020-12-28,217.0152587890625,17933500
2020-12-29,216.23388671875,17403200
2020-12-30,213.85108947753906,20272300
2020-12-31,214.56500244140625,20942100
2021-01-04,210.0020294189453,37130100
2021-01-05,210.20458984375,23823000
2021-01-06,204.7541046142578,35930700
2021-01-07,210.580810546875,27694500
2021-01-08,211.86383056640625,22956200
2021-01-11,209.80905151367188,23031300
2021-01-12,207.33946228027344,23249300
2021-01-13,208.69969177246094,20087100
2021-01-14,205.49691772460938,29480800
2021-01-15,205.1400146484375,31746500
2021-01-19,208.79617309570312,30480900
2021-01-20,216.4171600341797,37777300
2021-01-21,217.02488708496094,30709400
2021-01-22,217.9702606201172,30172700
2021-01-25,221.4239044189453,33152100
2021-01-26,224.12498474121094,49169600
2021-01-27,224.6748504638672,69870600
2021-01-28,230.49188232421875,49111200
2021-01-29,223.76803588867188,42503100
2021-02-01,231.1864776611328,33314200
2021-02-02,231.05142211914062,25916300
2021-02-03,234.41818237304688,27158100
2021-02-04,233.46310424804688,25296100
2021-02-05,233.64639282226562,18054800
2021-02-08,233.90689086914062,22211900
2021-02-09,235.16098022460938,23565000
2021-02-10,234.24453735351562,22186700
2021-02-11,235.8555450439453,15751100
2021-02-12,236.33790588378906,16561100
2021-02-16,235.0934295654297,26728500
2021-02-17,236.1183624267578,21653500
2021-02-18,235.721923828125,16925600
2021-02-19,232.99526977539062,25262600
2021-02-22,226.74903869628906,36446900
2021-02-23,225.550048828125,30228700
2021-02-24,226.78770446777344,26339700
2021-02-25,221.41172790527344,39542200
2021-02-26,224.68954467773438,37819200
2021-03-01,229.09864807128906,25324000
2021-03-02,226.1302032470703,22812500
2021-03-03,220.02906799316406,34029500
2021-03-04,219.2264862060547,44727800
2021-03-05,223.93533325195312,41872800
2021-03-08,219.8646697998047,35267400
2021-03-09,226.0431671142578,33080500
2021-03-10,224.7282257080078,29746800
2021-03-11,229.2823486328125,29907600
2021-03-12,227.94796752929688,22653700
2021-03-15,227.03909301757812,26034900
2021-03-16,229.84310913085938,28092200
2021-03-17,229.19529724121094,29562100
2021-03-18,223.08448791503906,34833000
2021-03-19,222.72666931152344,46430700
2021-03-22,228.18006896972656,30127000
2021-03-23,229.71746826171875,31638400
2021-03-24,227.66757202148438,25620100
2021-03-25,224.65084838867188,34061900
2021-03-26,228.6538543701172,25479900
2021-03-29,227.45489501953125,25227500
2021-03-30,224.1770782470703,24792000
2021-03-31,227.9673309326172,43623500
2021-04-01,234.32955932617188,30338000
2021-04-05,240.82720947265625,36910600
2021-04-06,239.65721130371094,22931900
2021-04-07,241.62969970703125,22719800
2021-04-08,244.8688201904297,23625200
2021-04-09,247.3828125,24326800
2021-04-12,247.44081115722656,27148700
2021-04-13,249.9354248046875,23837500
2021-04-14,247.1314239501953,23070900
2021-04-15,250.91195678710938,25627500
2021-04-16,252.1109619140625,24878600
2021-04-19,250.1771697998047,23209300
2021-04-20,249.71304321289062,19722900
2021-04-21,251.95626831054688,24030400
2021-04-22,248.6591339111328,25606200
2021-04-23,252.50735473632812,21462600
2021-04-26,252.89414978027344,19763300
2021-04-27,253.3002166748047,31014200
2021-04-28,246.13548278808594,46903100
2021-04-29,244.15330505371094,40589000
2021-04-30,243.83425903320312,30945100
2021-05-03,243.5248260498047,19626600
2021-05-04,239.5895538330078,32756100
2021-05-05,238.31321716308594,21901300
2021-05-06,241.46533203125,26491100
2021-05-07,244.10499572753906,27032900
2021-05-10,238.999755859375,29299900
2021-05-11,238.08116149902344,33641600
2021-05-12,231.09042358398438,36684400
2021-05-13,234.98707580566406,29624300
2021-05-14,239.93760681152344,23901100
2021-05-17,237.06591796875,24970200
2021-05-18,235.03543090820312,20168000
2021-05-19,235.61688232421875,25739800
2021-05-20,238.87322998046875,21800700
2021-05-21,237.60365295410156,21863100
2021-05-24,243.04049682617188,21411500
2021-05-25,243.95150756835938,17704300
2021-05-26,243.72860717773438,17771600
2021-05-27,241.6158905029297,24426200
2021-05-28,241.97442626953125,18270200
2021-06-01,239.76478576660156,23213300
2021-06-02,239.66787719726562,19406700
2021-06-03,238.1269989013672,25307700
2021-06-04,243.05018615722656,25281100
2021-06-07,245.9769744873047,23079200
2021-06-08,244.77528381347656,22455000
2021-06-09,245.76376342773438,17937600
2021-06-10,249.3011474609375,24563600
2021-06-11,249.9311065673828,18999700
2021-06-14,251.869384765625,19150500
2021-06-15,250.3865509033203,18038900
2021-06-16,249.4368133544922,27220000
2021-06-17,252.8481903076172,27565500
2021-06-18,251.42355346679688,37202200
2021-06-21,254.5247802734375,26696100
2021-06-22,257.31591796875,24694100
2021-06-23,257.0832824707031,19518700
2021-06-24,258.4595031738281,21446900
2021-06-25,256.8410949707031,25611100
2021-06-28,260.4268798828125,19590000
2021-06-29,263.0240783691406,19937800
2021-06-30,262.5395812988281,21656500
2021-07-01,263.2179870605469,16725300
2021-07-02,269.08123779296875,26458000
2021-07-06,269.0909423828125,31565600
2021-07-07,271.2908630371094,23260000
2021-07-08,268.85833740234375,24618600
2021-07-09,269.3622741699219,23916700
2021-07-12,268.7614440917969,18931700
2021-07-13,272.3085021972656,26120100
2021-07-14,273.7912902832031,23113700
2021-07-15,272.3569030761719,22604200
2021-07-16,272.0856018066406,26186800
2021-07-19,268.4610290527344,32935600
2021-07-20,270.69970703125,26259700
2021-07-21,272.7154541015625,24364300
2021-07-22,277.3092346191406,23384100
2021-07-23,280.7302551269531,22768100
2021-07-26,280.1293640136719,23176100
2021-07-27,277.6968994140625,33604100
2021-07-28,277.38671875,33566900
2021-07-29,277.6581115722656,18168300
2021-07-30,276.1171875,20944800
2021-08-02,276.0299987792969,16267400
2021-08-03,278.2590026855469,17879000
2021-08-04,277.6678466796875,16191300
2021-08-05,280.58489990234375,13900200
2021-08-06,280.5267639160156,16589300
2021-08-09,279.4316101074219,16117600
2021-08-10,277.6000061035156,18616600
2021-08-11,278.0942077636719,13955900
2021-08-12,280.8659973144531,14561300
2021-08-13,283.8121337890625,18249000
2021-08-16,285.50811767578125,22507600
2021-08-17,284.0350646972656,20075300
2021-08-18,282.2969665527344,21813000
2021-08-19,288.16180419921875,29850500
2021-08-20,295.5316162109375,40817600
2021-08-23,295.8131408691406,22830200
2021-08-24,293.842041015625,18175800
2021-08-25,293.24981689453125,20006100
2021-08-26,290.41448974609375,17666100
2021-08-27,291.0262451171875,22605700
2021-08-30,294.7839660644531,16348100
2021-08-31,293.12353515625,26285300
2021-09-01,293.07501220703125,18983800
2021-09-02,292.4147033691406,16285600
2021-09-03,292.4049987792969,14747900
2021-09-07,291.47283935546875,17180400
2021-09-08,291.501953125,15046800
2021-09-09,288.62786865234375,19927000
2021-09-10,287.1324768066406,19633400
2021-09-13,288.3753967285156,23652900
2021-09-14,291.09417724609375,21853400
2021-09-15,295.9783020019531,28356300
2021-09-16,296.36663818359375,19550800
2021-09-17,291.1718444824219,41372500
2021-09-20,285.7633972167969,38278700
2021-09-21,286.2489318847656,22364100
2021-09-22,289.91925048828125,26626300
2021-09-23,290.870849609375,18604600
2021-09-24,290.66693115234375,14999000
2021-09-27,285.6372375488281,23571700
2021-09-28,275.296142578125,43186200
2021-09-29,275.76214599609375,26353700
2021-09-30,273.74249267578125,32343600
2021-10-01,280.7142333984375,30086300
2021-10-04,274.89794921875,31350700
2021-10-05,280.3840637207031,24993000
2021-10-06,284.6079406738281,28002600
2021-10-07,286.2975158691406,20430500
2021-10-08,286.2975158691406,17685700
2021-10-11,285.69549560546875,19298600
2021-10-12,284.3846130371094,17974100
2021-10-13,287.7151184082031,23416300
2021-10-14,293.9682922363281,27262900
2021-10-15,295.385986328125,25384800
2021-10-18,298.3765869140625,22729300
2021-10-19,299.28936767578125,17682100
2021-10-20,298.4931945800781,16537100
2021-10-21,301.7459716796875,16918100
2021-10-22,300.19232177734375,17449300
2021-10-25,299.1922912597656,17554500
2021-10-26,301.1148376464844,28107300
2021-10-27,313.7960510253906,52588700
2021-10-28,314.9417724609375,26297900
2021-10-29,322.0008544921875,34766000
2021-11-01,319.8161926269531,27073200
2021-11-02,323.4670715332031,26487100
2021-11-03,324.3118896484375,21500100
2021-11-04,326.6811218261719,23992200
2021-11-05,326.3121032714844,22570100
2021-11-08,327.2151184082031,20897000
2021-11-09,326.2052917480469,21307400
2021-11-10,321.2046813964844,25500900
2021-11-11,322.78741455078125,16849800
2021-11-12,326.95294189453125,23831000
2021-11-15,326.3218078613281,16723000
2021-11-16,329.6620788574219,20886800
2021-11-17,329.8857727050781,19053400
2021-11-18,331.9772033691406,22463500
2021-11-19,333.76708984375,21963400
2021-11-22,330.5764465332031,31031100
2021-11-23,328.4850158691406,30427600
2021-11-24,328.708740234375,21661300
2021-11-26,320.7028503417969,24217200
2021-11-29,327.4636535644531,28563500
2021-11-30,321.58807373046875,42885600
2021-12-01,321.09197998046875,33337600
2021-12-02,320.5180358886719,30766000
2021-12-03,314.2145080566406,41779300
2021-12-06,317.307861328125,30032600
2021-12-07,325.8001708984375,31021900
2021-12-08,325.8487854003906,24761000
2021-12-09,324.02972412109375,22214200
2021-12-10,333.212646484375,38095700
2021-12-13,330.15814208984375,28899400
2021-12-14,319.3993225097656,44438700
2021-12-15,325.53753662109375,35381100
2021-12-16,316.0529479980469,35034800
2021-12-17,314.98291015625,47750300
2021-12-20,311.1988220214844,28326500
2021-12-21,318.3779296875,24740600
2021-12-22,324.1270446777344,24831500
2021-12-23,325.576416015625,19617800
2021-12-27,333.1251220703125,19947000
2021-12-28,331.9577941894531,15661500
2021-12-29,332.63873291015625,15042000
2021-12-30,330.08038330078125,15994500
2021-12-31,327.16204833984375,18000800
2022-01-03,325.6347961425781,28865100
2022-01-04,320.05108642578125,32674300
2022-01-05,307.7650451660156,40054300
2022-01-06,305.33306884765625,39646100
2022-01-07,305.4886779785156,32720000
2022-01-10,305.71246337890625,44289500
2022-01-11,306.4031066894531,29386800
2022-01-12,309.60345458984375,34372200
2022-01-13,296.50030517578125,45366000
2022-01-14,301.7533264160156,39846400
2022-01-18,294.40887451171875,42333200
2022-01-19,295.0703125,45933900
2022-01-20,293.387451171875,35380700
2022-01-21,287.9691467285156,57984400
2022-01-24,288.29986572265625,85731500
2022-01-25,280.63446044921875,72848600
2022-01-26,288.630615234375,90428900
2022-01-27,291.67535400390625,53481300
2022-01-28,299.86614990234375,49743700
2022-01-31,302.5120544433594,46444500
2022-02-01,300.35247802734375,40950400
2022-02-02,304.9245300292969,36636000
2022-02-03,293.04693603515625,43730000
2022-02-04,297.6092834472656,35096500
2022-02-07,292.755126953125,28533300
2022-02-08,296.2668762207031,32421200
2022-02-09,302.7357482910156,31284700
2022-02-10,294.1462097167969,45386200
2022-02-11,287.006103515625,39175600
2022-02-14,286.9671630859375,36359500
2022-02-15,292.28826904296875,27058300
2022-02-16,291.947021484375,29982100
2022-02-17,283.39825439453125,32461600
2022-02-18,280.66876220703125,34264000
2022-02-22,280.464111328125,41736100
2022-02-23,273.2019958496094,37811200
2022-02-24,287.1608581542969,56989700
2022-02-25,289.8122863769531,32546700
2022-02-28,291.25494384765625,34627500
2022-03-01,287.5118408203125,31217800
2022-03-02,292.61968994140625,31873000
2022-03-03,288.4573669433594,27314500
2022-03-04,282.5501708984375,32356500
2022-03-07,271.8763122558594,43157200
2022-03-08,268.8934631347656,48159500
2022-03-09,281.22454833984375,35204500
2022-03-10,278.3878479003906,30628000
2022-03-11,273.0070495605469,27209300
2022-03-14,269.468505859375,30660700
2022-03-15,279.9084777832031,34245100
2022-03-16,286.9659423828125,37826300
2022-03-17,287.77496337890625,30816600
2022-03-18,292.8536071777344,43390600
2022-03-21,291.6156311035156,28351200
2022-03-22,296.39202880859375,27599700
2022-03-23,291.9372863769531,25715400
2022-03-24,296.4310607910156,24484500
2022-03-25,296.0216369628906,22566500
2022-03-28,302.8645935058594,29578200
2022-03-29,307.455810546875,30393400
2022-03-30,305.94488525390625,28163600
2022-03-31,300.534912109375,33422100
2022-04-01,301.61688232421875,27110500
2022-04-04,307.02691650390625,24289600
2022-04-05,303.0400695800781,23156700
2022-04-06,291.947021484375,40110400
2022-04-07,293.7698974609375,31411200
2022-04-08,289.4808044433594,24361900
2022-04-11,278.066162109375,34569300
2022-04-12,274.94683837890625,30966700
2022-04-13,280.3666687011719,21907200
2022-04-14,272.77313232421875,28221600
2022-04-18,273.4456481933594,20778000
2022-04-19,278.1051940917969,22297700
2022-04-20,279.1384582519531,22906700
2022-04-21,273.7283630371094,29454600
2022-04-22,267.119384765625,29405800
2022-04-25,273.64068603515625,35678900
2022-04-26,263.40545654296875,46518400
2022-04-27,276.07757568359375,63477700
2022-04-28,282.325927734375,33646600
2022-04-29,270.5213623046875,37073900
2022-05-02,277.29608154296875,35151100
2022-05-03,274.6739501953125,25978600
2022-05-04,282.6671447753906,33599300
2022-05-05,270.35565185546875,43260400
2022-05-06,267.8017272949219,37780300
2022-05-09,257.9076843261719,47726000
2022-05-10,262.7036437988281,39336400
2022-05-11,253.9792938232422,48975900
2022-05-12,248.9104461669922,51033800
2022-05-13,254.53492736816406,34925100
2022-05-16,254.90541076660156,32550900
2022-05-17,260.0912170410156,28828800
2022-05-18,248.2493438720703,31356000
2022-05-19,247.3308868408203,32692300
2022-05-20,246.76422119140625,39199300
2022-05-23,254.6685791015625,33175400
2022-05-24,253.66217041015625,29043900
2022-05-25,256.4956359863281,28547900
2022-05-26,259.79803466796875,25002100
2022-05-27,266.9696044921875,26910800
2022-05-31,265.6310119628906,37827700
2022-06-01,266.16845703125,25292200
2022-06-02,268.27886962890625,44008200
2022-06-03,263.82354736328125,28059000
2022-06-06,262.58270263671875,22400300
2022-06-07,266.2466125488281,22860700
2022-06-08,264.2045593261719,17372300
2022-06-09,258.7135925292969,26439700
2022-06-10,247.18435668945312,31422800
2022-06-13,236.70057678222656,46135800
2022-06-14,238.87940979003906,28651500
2022-06-15,245.98257446289062,33111700
2022-06-16,239.348388671875,33169200
2022-06-17,241.9668731689453,43084800
2022-06-21,247.91712951660156,29928300
2022-06-22,247.3211669921875,25939900
2022-06-23,252.9196319580078,25861400
2022-06-24,261.5567932128906,33923200
2022-06-27,258.81121826171875,24615100
2022-06-28,250.59425354003906,27295500
2022-06-29,254.2875213623047,20069800
2022-06-30,250.9362335205078,31730900
2022-07-01,253.6230926513672,22837700
2022-07-05,256.8180847167969,22941000
2022-07-06,260.1009521484375,23824400
2022-07-07,262.2406921386719,20859900
2022-07-08,261.51763916015625,19658800
2022-07-11,258.4399719238281,19455200
2022-07-12,247.84872436523438,35868500
2022-07-13,246.92054748535156,29497400
2022-07-14,248.2493438720703,25102800
2022-07-15,250.82875061035156,29774100
2022-07-18,248.41542053222656,20975000
2022-07-19,253.57424926757812,25012600
2022-07-20,256.2513732910156,22788300
2022-07-21,258.7624206542969,22404700
2022-07-22,254.3851776123047,21881300
2022-07-25,252.89035034179688,21056000
2022-07-26,246.11935424804688,39348000
2022-07-27,262.5729064941406,45994000
2022-07-28,270.0669250488281,33459300
2022-07-29,274.29754638671875,32152800
2022-08-01,271.6302185058594,21539600
2022-08-02,268.5133972167969,22754200
2022-08-03,275.9878234863281,23518900
2022-08-04,277.1407775878906,18098700
2022-08-05,276.4177551269531,16774600
2022-08-08,273.8871765136719,18739200
2022-08-09,275.8217468261719,23405200
2022-08-10,282.5243225097656,24687800
2022-08-11,280.43341064453125,20065900
2022-08-12,285.21124267578125,22619700
2022-08-15,286.7354431152344,18085700
2022-08-16,285.99285888671875,18102900
2022-08-17,285.2389221191406,18253400
2022-08-18,284.1129150390625,17186200
2022-08-19,280.1768493652344,20570000
2022-08-22,271.9521179199219,25061100
2022-08-23,270.6695556640625,17527400
2022-08-24,270.0331115722656,18137000
2022-08-25,273.0292053222656,16583400
2022-08-26,262.4938049316406,27549300
2022-08-29,259.69354248046875,20338500
2022-08-30,257.4806823730469,22767100
2022-08-31,256.0120544433594,24791800
2022-09-01,254.96437072753906,23263400
2022-09-02,250.7149200439453,22855400
2022-09-06,247.96359252929688,21328200
2022-09-07,252.70254516601562,24126700
2022-09-08,253.12356567382812,20319900
2022-09-09,258.9396057128906,22084700
2022-09-12,261.0838317871094,18747700
2022-09-13,246.7299041748047,33353300
2022-09-14,246.95509338378906,23913000
2022-09-15,240.2578582763672,31530900
2022-09-16,239.63124084472656,39791800
2022-09-19,239.4158172607422,26826900
2022-09-20,237.3890380859375,26660300
2022-09-21,233.96209716796875,28625600
2022-09-22,235.94972229003906,31061200
2022-09-23,232.95359802246094,34176000
2022-09-26,232.49339294433594,27694200
2022-09-27,231.4751434326172,27018700
2022-09-28,236.03785705566406,29029700
2022-09-29,232.54237365722656,27484200
2022-09-30,228.03836059570312,35694800
2022-10-03,235.7147216796875,28880400
2022-10-04,243.68484497070312,34888400
2022-10-05,243.99810791015625,20347100
2022-10-06,241.63844299316406,20239900
2022-10-07,229.35044860839844,37769600
2022-10-10,224.46458435058594,29743600
2022-10-11,220.70477294921875,30474000
2022-10-12,221.0376434326172,21903900
2022-10-13,229.35044860839844,42551800
2022-10-14,223.78897094726562,30198600
2022-10-17,232.5717315673828,28142300
2022-10-18,233.52149963378906,26329600
2022-10-19,231.54364013671875,19985700
2022-10-20,231.22052001953125,21811000
2022-10-21,237.06591796875,26299700
2022-10-24,242.08883666992188,24911200
2022-10-25,245.4276580810547,34775500
2022-10-26,226.49134826660156,82543200
2022-10-27,222.01675415039062,40424600
2022-10-28,230.94639587402344,40647700
2022-10-31,227.28445434570312,28357300
2022-11-01,223.4071502685547,30592300
2022-11-02,215.50559997558594,38407000
2022-11-03,209.7776641845703,36633900
2022-11-04,216.76866149902344,36789100
2022-11-07,223.11338806152344,33498000
2022-11-08,224.09249877929688,28192500
2022-11-09,219.8235321044922,27852900
2022-11-10,237.90797424316406,46268000
2022-11-11,241.95176696777344,34620200
2022-11-14,236.50784301757812,31123300
2022-11-15,236.91903686523438,31390100
2022-11-16,237.35105895996094,24093300
2022-11-17,237.302001953125,23123500
2022-11-18,236.850341796875,27613500
2022-11-21,237.665283203125,26394700
2022-11-22,240.59129333496094,19665700
2022-11-23,243.09510803222656,19508500
2022-11-25,243.00672912597656,9200800
2022-11-28,237.38052368164062,24778200
2022-11-29,235.97647094726562,17956300
2022-11-30,250.5181427001953,47594200
2022-12-01,250.07630920410156,26041500
2022-12-02,250.4003448486328,21528500
2022-12-05,245.66766357421875,23435300
2022-12-06,240.67967224121094,22463700
2022-12-07,239.9432373046875,20481500
2022-12-08,242.9183807373047,22611800
2022-12-09,240.97421264648438,20609700
2022-12-12,247.935791015625,30665100
2022-12-13,252.2659149169922,42196900
2022-12-14,252.56048583984375,35410900
2022-12-15,244.49920654296875,35560400
2022-12-16,240.2574462890625,86102000
2022-12-19,236.09426879882812,29696400
2022-12-20,237.41981506347656,25150800
2022-12-21,240.0021514892578,23690600
2022-12-22,233.87521362304688,28651700
2022-12-23,234.40541076660156,21207000
2022-12-27,232.66751098632812,16688600
2022-12-28,230.28150939941406,17457100
2022-12-29,236.6441192626953,19770700
2022-12-30,235.47569274902344,21938500
2023-01-03,235.24002075195312,25740000
2023-01-04,224.9498748779297,50623400
2023-01-05,218.28285217285156,39585600
2023-01-06,220.85537719726562,43613600
2023-01-09,223.00575256347656,27369800
2023-01-10,224.7044219970703,27033900
2023-01-11,231.49903869628906,28669300
2023-01-12,234.1894073486328,27269500
2023-01-13,234.8963623046875,21333300
2023-01-17,235.99609375,29831300
2023-01-18,231.53831481933594,30028700
2023-01-19,227.72860717773438,28623000
2023-01-20,235.86843872070312,35389800
2023-01-23,238.18568420410156,31934000
2023-01-24,237.65545654296875,40234400
2023-01-25,236.2513427734375,66526600
2023-01-26,243.50747680664062,33454500
2023-01-27,243.66461181640625,26498900
2023-01-30,238.31332397460938,25867400
2023-01-31,243.3209228515625,26541100
2023-02-01,248.1714324951172,31259900
2023-02-02,259.8067626953125,39940400
2023-02-03,253.6699981689453,29077300
2023-02-06,252.1186065673828,22518000
2023-02-07,262.713134765625,50841400
2023-02-08,261.8982238769531,54686000
2023-02-09,258.8445129394531,42375100
2023-02-10,258.3339538574219,25818500
2023-02-13,266.40509033203125,44630900
2023-02-14,267.2396545410156,37047900
2023-02-15,265.1036682128906,28922400
2023-02-16,258.0458984375,29603600
2023-02-17,254.01991271972656,30000100
2023-02-21,248.7142791748047,28397400
2023-02-22,247.5724639892578,22491100
2023-02-23,250.78143310546875,29219100
2023-02-24,245.31829833984375,24990900
2023-02-27,246.2436065673828,21190000
2023-02-28,245.51516723632812,22491000
2023-03-01,242.41448974609375,27565300
2023-03-02,247.17874145507812,24808200
2023-03-03,251.2932891845703,30760100
2023-03-06,252.84854125976562,24109800
2023-03-07,250.1710968017578,21473200
2023-03-08,249.72816467285156,17340200
2023-03-09,248.36978149414062,26653400
2023-03-10,244.69818115234375,28333900
2023-03-13,249.94471740722656,33339700
2023-03-14,256.7071838378906,33620300
2023-03-15,261.2843933105469,46028000
2023-03-16,271.8759765625,54768800
2023-03-17,275.05535888671875,69527400
2023-03-20,267.96807861328125,43466600
2023-03-21,269.49383544921875,34558700
2023-03-22,268.0271301269531,34873300
2023-03-23,273.3131103515625,36610900
2023-03-24,276.177490234375,28172000
2023-03-27,272.0531005859375,26840200
2023-03-28,270.9211120605469,21878600
2023-03-29,276.118408203125,25087000
2023-03-30,279.6029968261719,25053400
2023-03-31,283.78643798828125,32766000
2023-04-03,282.7332458496094,24883300
2023-04-04,282.6839904785156,25824300
2023-04-05,279.88848876953125,22064800
2023-04-06,287.0347900390625,29770300
2023-04-10,284.85943603515625,23103000
2023-04-11,278.4021301269531,27276600
2023-04-12,279.05181884765625,27403400
2023-04-13,285.3023986816406,24222700
2023-04-14,281.6603088378906,20987900
2023-04-17,284.2786560058594,23836200
2023-04-18,283.8553771972656,20161800
2023-04-19,283.93414306640625,17150300
2023-04-20,281.6307678222656,23244400
2023-04-21,281.2862548828125,21676400
2023-04-24,277.35870361328125,26611000
2023-04-25,271.1081237792969,45772200
2023-04-26,290.74578857421875,64599200
2023-04-27,300.05767822265625,46462600
2023-04-28,302.4496765136719,36446700
2023-05-01,300.7763366699219,21294100
2023-05-02,300.6286315917969,26404400
2023-05-03,299.6343994140625,22360800
2023-05-04,300.6286315917969,22519900
2023-05-05,305.78656005859375,28181200
2023-05-08,303.81787109375,21318600
2023-05-09,302.1937255859375,21340800
2023-05-10,307.42059326171875,30078000
2023-05-11,305.2550354003906,31680200
2023-05-12,304.1329040527344,19758100
2023-05-15,304.61517333984375,16336500
2023-05-16,306.8594970703125,26730300
2023-05-17,309.7597961425781,24315000
2023-05-18,314.2187805175781,27276000
2023-05-19,314.04119873046875,27529500
2023-05-22,316.8428649902344,24115700
2023-05-23,311.0028076171875,30797200
2023-05-24,309.61181640625,23384900
2023-05-25,321.5188903808594,43301700
2023-05-26,328.394775390625,36630600
2023-05-30,326.73736572265625,29503100
2023-05-31,323.95550537109375,45950600
2023-06-01,328.0888977050781,26773900
2023-06-02,330.870849609375,25864000
2023-06-05,331.403564453125,21307100
2023-06-06,329.1741027832031,20396200
2023-06-07,319.0131530761719,40717100
2023-06-08,320.86773681640625,23277700
2023-06-09,322.3771057128906,22514900
2023-06-12,327.3687438964844,24260300
2023-06-13,329.77581787109375,22951300
2023-06-14,332.78460693359375,26003800
2023-06-15,343.39935302734375,38899100
2023-06-16,337.7072448730469,46533600
2023-06-20,333.48504638671875,26375400
2023-06-21,329.0556945800781,25117800
2023-06-22,335.12261962890625,23556800
2023-06-23,330.4959716796875,23084700
2023-06-26,324.16265869140625,21520600
2023-06-27,330.0520935058594,24354100
2023-06-28,331.3148193359375,20259500
2023-06-29,330.5256042480469,16997000
2023-06-30,335.9414367675781,26823800
2023-07-03,333.4258117675781,12508700
2023-07-05,333.5837097167969,18172400
2023-07-06,336.66156005859375,28161200
2023-07-07,332.666259765625,21185300
2023-07-10,327.34906005859375,32791400
2023-07-11,327.9804382324219,26698200
2023-07-12,332.64654541015625,29995300
2023-07-13,338.0328369140625,20567200
2023-07-14,340.57794189453125,28302200
2023-07-17,341.06134033203125,20363900
2023-07-18,354.6355285644531,64872700
2023-07-19,350.28509521484375,39732900
2023-07-20,342.1859130859375,33778400
2023-07-21,339.1278076171875,69368900
2023-07-24,340.44970703125,26678100
2023-07-25,346.240478515625,41637700
2023-07-26,333.20880126953125,58383700
2023-07-27,326.2540588378906,39635300
2023-07-28,333.80072021484375,28484900
2023-07-31,331.3838195800781,25446000
2023-08-01,331.79815673828125,18311900
2023-08-02,323.0775146484375,27761300
2023-08-03,322.2489013671875,18253700
2023-08-04,323.3537292480469,23727700
2023-08-07,325.6522521972656,17741500
2023-08-08,321.6470947265625,22327600
2023-08-09,317.8786926269531,22373300
2023-08-10,318.5692443847656,20113700
2023-08-11,316.6751403808594,24342600
2023-08-14,319.66424560546875,18836100
2023-08-15,317.513671875,16966300
2023-08-16,316.7425842285156,20698900
2023-08-17,313.2627868652344,21257200
2023-08-18,312.8673400878906,24744800
2023-08-21,318.2056884765625,24040000
2023-08-22,318.7790222167969,16102000
2023-08-23,323.2672424316406,21166400
2023-08-24,316.3175048828125,23281400
2023-08-25,319.29315185546875,21684100
2023-08-28,320.00494384765625,14808500
2023-08-29,324.6611633300781,19284600
2023-08-30,325.03680419921875,15222100
2023-08-31,324.0185852050781,26411000
2023-09-01,324.90826416015625,14931200
2023-09-05,329.7424621582031,18553900
2023-09-06,329.08013916015625,17535800
2023-09-07,326.1440124511719,18381000
2023-09-08,330.45428466796875,19530100
2023-09-11,334.08233642578125,16583300
2023-09-12,327.9828186035156,17565500
2023-09-13,332.22381591796875,16544400
2023-09-14,334.8337097167969,20267000
2023-09-15,326.4505310058594,37666900
2023-09-18,325.3037109375,16834200
2023-09-19,324.8984069824219,16505900
2023-09-20,317.1083679199219,21436500
2023-09-21,315.88250732421875,35529500
2023-09-22,313.39129638671875,21447900
2023-09-25,313.915283203125,17836000
2023-09-26,308.576904296875,26297600
2023-09-27,309.219482421875,19410100
2023-09-28,310.05975341796875,19683600
2023-09-29,312.1456298828125,24140300
2023-10-02,318.1265869140625,20570000
2023-10-03,309.8126525878906,21033500
2023-10-04,315.31903076171875,20720100
2023-10-05,315.71441650390625,16965600
2023-10-06,323.5242919921875,25645500
2023-10-09,326.0550842285156,19891200
2023-10-10,324.6413879394531,20557100
2023-10-11,328.6253967285156,20063200
2023-10-12,327.3797302246094,19313100
2023-10-13,323.98895263671875,21072400
2023-10-16,328.8428649902344,22158000
2023-10-17,328.2695007324219,18338500
2023-10-18,326.34173583984375,23153600
2023-10-19,327.5379638671875,25052100
2023-10-20,322.9410400390625,25012600
2023-10-23,325.5607604980469,24374700
2023-10-24,326.7569274902344,31153600
2023-10-25,336.78118896484375,55053800
2023-10-26,324.1470947265625,37828500
2023-10-27,326.0451354980469,29856500
2023-10-30,333.4595031738281,22828100
2023-10-31,334.2503967285156,20265300
2023-11-01,342.11956787109375,28158800
2023-11-02,344.3439025878906,24348100
2023-11-03,348.7727355957031,23624000
2023-11-06,352.46014404296875,23828300
2023-11-07,356.4145202636719,25833900
2023-11-08,359.0540466308594,26767800
2023-11-09,356.5726623535156,24847300
2023-11-10,365.4501647949219,28042100
2023-11-13,362.49432373046875,19986500
2023-11-14,366.0433044433594,27683900
2023-11-15,366.19189453125,26860100
2023-11-16,372.6307678222656,27182300
2023-11-17,366.3702392578125,40157000
2023-11-20,373.8888244628906,52465100
2023-11-21,369.5599365234375,28423100
2023-11-22,374.29498291015625,23345300
2023-11-24,373.8788757324219,10176600
2023-11-27,375.04779052734375,22179200
2023-11-28,379.0993347167969,20453100
2023-11-29,375.2855529785156,28963400
2023-11-30,375.3450012207031,30554400
2023-12-01,370.98638916015625,33020400
2023-12-04,365.6669006347656,32063300
2023-12-05,369.01507568359375,23065000
2023-12-06,365.330078125,21182100
2023-12-07,367.4598693847656,23118900
2023-12-08,370.708984375,20144800
2023-12-11,367.8065490722656,27708800
2023-12-12,370.85760498046875,24838300
2023-12-13,370.8476867675781,30955500
2023-12-14,362.4870910644531,43277500
2023-12-15,367.241943359375,78478200
2023-12-18,369.14385986328125,21802900
2023-12-19,369.74810791015625,20603700
2023-12-20,367.1329650878906,26316700
2023-12-21,370.0254821777344,17708000
2023-12-22,371.05572509765625,17091100
2023-12-26,371.13494873046875,12673100
2023-12-27,370.550537109375,14905400
2023-12-28,371.7491149902344,14327000
2023-12-29,372.5019836425781,18723000
2024-01-02,367.3805847167969,25258600
2024-01-03,367.1131591796875,23083500
2024-01-04,364.4781494140625,20901500
2024-01-05,364.28997802734375,20987000
2024-01-08,371.1646728515625,23134000
2024-01-09,372.2543029785156,20830000
2024-01-10,379.1686096191406,25514200
2024-01-11,381.0111999511719,27850800
2024-01-12,384.8150329589844,21645700
2024-01-16,386.5980529785156,27202300
2024-01-17,385.80560302734375,22234100
2024-01-18,390.1641845703125,23392100
2024-01-19,394.9190673828125,29272000
2024-01-22,392.7794189453125,27016900
2024-01-23,395.1468505859375,20525900
2024-01-24,398.7724304199219,24867000
2024-01-25,401.0606689453125,21021200
2024-01-26,400.12957763671875,17803300
2024-01-29,405.8650817871094,24510200
2024-01-30,404.7456970214844,33477600
2024-01-31,393.8393249511719,47871100
2024-02-01,399.98101806640625,30657700
2024-02-02,407.3509826660156,28245000
2024-02-05,401.8333740234375,25352300
2024-02-06,401.6748962402344,18382600
2024-02-07,410.15435791015625,22340500
2024-02-08,410.2137756347656,21225300
2024-02-09,416.5931701660156,22032800
2024-02-12,411.35296630859375,21202900
2024-02-13,402.4971008300781,27824900
2024-02-14,406.3873596191406,20401200
2024-02-15,403.4795837402344,21825500
2024-02-16,400.99847412109375,22281100
2024-02-20,399.7381286621094,24307900
2024-02-21,399.13275146484375,18631100
2024-02-22,408.531005859375,27009900
2024-02-23,407.2309265136719,16295900
2024-02-26,404.4521789550781,16193500
2024-02-27,404.3926086425781,14835800
2024-02-28,404.6307678222656,13183100
2024-02-29,410.5059509277344,31947300
2024-03-01,412.3518371582031,17800300
2024-03-04,411.7762756347656,17596000
2024-03-05,399.59918212890625,26919200
2024-03-06,399.0434265136719,22344100
2024-03-07,406.0400695800781,18718500
2024-03-08,403.14215087890625,17971700
2024-03-11,401.45501708984375,16120800
2024-03-12,412.13348388671875,22457000
2024-03-13,411.9548645019531,17115900
2024-03-14,421.9981994628906,34157300
2024-03-15,413.264892578125,45049800
2024-03-18,414.1580505371094,20106000
2024-03-19,418.21710205078125,19837900
2024-03-20,422.0081481933594,17860100
2024-03-21,426.1167297363281,21296200
2024-03-22,425.49151611328125,17636500
2024-03-25,419.65606689453125,18060500
2024-03-26,418.4552001953125,16725600
2024-03-27,418.23687744140625,16705000
2024-03-28,417.53228759765625,21871200
2024-04-01,421.3531188964844,16316000
2024-04-02,418.2468566894531,17912000
2024-04-03,417.26434326171875,16502300
2024-04-04,414.71380615234375,19370900
2024-04-05,422.2959289550781,16544300
2024-04-08,421.3729553222656,14272400
2024-04-09,423.0501403808594,12512300
2024-04-10,420.05303955078125,16216600
2024-04-11,424.6876525878906,17966400
2024-04-12,418.703369140625,19232100
2024-04-15,410.5059509277344,20273500
2024-04-16,411.4388122558594,16765600
2024-04-17,408.71954345703125,15855500
2024-04-18,401.2069396972656,21029900
2024-04-19,396.095947265625,30276500
2024-04-22,397.9219970703125,20286900
2024-04-23,404.48193359375,15734500
2024-04-24,405.96063232421875,15065300
2024-04-25,396.01654052734375,40586500
2024-04-26,403.2414245605469,29694700
2024-04-29,399.2022705078125,19582100
2024-04-30,386.380126953125,28781400
2024-05-01,391.9476013183594,23562500
2024-05-02,394.8256530761719,17709400
2024-05-03,403.5788269042969,17446700
2024-05-06,410.4067077636719,16996600
2024-05-07,406.2384948730469,20018200
2024-05-08,407.429443359375,11792300
2024-05-09,409.1959533691406,14689700
2024-05-10,411.5975646972656,13402300
2024-05-13,410.5852966308594,15440200
2024-05-14,413.40380859375,15109300
2024-05-15,420.6317443847656,22239500
2024-05-16,418.5538330078125,17530100
2024-05-17,417.7783203125,15352200
2024-05-20,422.878662109375,16272100
2024-05-21,426.5572509765625,21453300
2024-05-22,428.0286865234375,18073700
2024-05-23,424.5290832519531,17211700
2024-05-24,427.6707763671875,11845800
2024-05-28,427.8298645019531,15718000
2024-05-29,426.6865234375,15517100
2024-05-30,412.2704162597656,28424800
2024-05-31,412.7277526855469,47995300
2024-06-03,411.1270446777344,17484700
2024-06-04,413.6623229980469,14348900
2024-06-05,421.5563659667969,16988000
2024-06-06,422.0633850097656,14861300
2024-06-07,421.3973083496094,13621700
2024-06-10,425.39404296875,14003000
2024-06-11,430.1761779785156,14551100
2024-06-12,438.5076904296875,22366200
2024-06-13,439.0246887207031,15960600
2024-06-14,440.00897216796875,13582000
2024-06-17,445.775390625,20790000
2024-06-18,443.75714111328125,17112500
2024-06-20,443.1208801269531,19877400
2024-06-21,447.17724609375,34486200
2024-06-24,445.0794677734375,15913700
2024-06-25,448.3404541015625,16747500
2024-06-26,449.54345703125,16507000
2024-06-27,450.2294921875,14806300
2024-06-28,444.3636169433594,28362300
2024-07-01,454.0870361328125,17662800
2024-07-02,456.62225341796875,13979800
2024-07-03,458.1036376953125,9932800
2024-07-05,464.8543395996094,16000300
2024-07-08,463.5419921875,12962300
2024-07-09,456.8807678222656,17207200
2024-07-10,463.55194091796875,18196100
2024-07-11,452.06878662109375,23111200
2024-07-12,450.9254150390625,16324300
2024-07-15,451.3330383300781,14429400
2024-07-16,446.9187316894531,17175700
2024-07-17,440.9534606933594,21778000
2024-07-18,437.82171630859375,20794800
2024-07-19,434.5805358886719,20940400
2024-07-22,440.3768310546875,15808800
2024-07-23,442.2757873535156,13107100
2024-07-24,426.4180603027344,26805800
2024-07-25,415.97882080078125,29943800
2024-07-26,422.8090515136719,23583800
2024-07-29,424.2606506347656,15125800
2024-07-30,420.4726867675781,32687600
2024-07-31,415.92913818359375,42891400
2024-08-01,414.6962585449219,30296400
2024-08-02,406.1261901855469,29437900
2024-08-05,392.8633728027344,40709200
2024-08-06,397.29754638671875,24946500
2024-08-07,396.1243591308594,20650900
2024-08-08,400.3597106933594,20203000
2024-08-09,403.67047119140625,19276700
2024-08-12,404.4559020996094,16762900
2024-08-13,411.6142578125,19414300
2024-08-14,414.4477233886719,18267000
2024-08-15,419.34808349609375,20752100
2024-08-16,416.7983093261719,22775600
2024-08-19,419.8460998535156,15234000
2024-08-20,423.10302734375,16387600
2024-08-21,422.4456787109375,16067300
2024-08-22,413.8899841308594,19361900
2024-08-23,415.1250305175781,18493800
2024-08-26,411.83819580078125,13152800
2024-08-27,412.1867980957031,13492900
2024-08-28,408.95977783203125,14882700
2024-08-29,411.4696960449219,17045200
2024-08-30,415.4736328125,24308300
2024-09-03,407.80438232421875,20313600
2024-09-04,407.26654052734375,15135800
2024-09-05,406.7585754394531,14195500
2024-09-06,400.0953063964844,19609500
2024-09-09,404.0992431640625,15295100
2024-09-10,412.5453796386719,19594300
2024-09-11,421.3500671386719,19266900
2024-09-12,425.29425048828125,17418800
2024-09-13,428.8699035644531,15874600
2024-09-16,429.6169128417969,13834700
2024-09-17,433.41168212890625,18874200
2024-09-18,429.0890197753906,18898000
2024-09-19,436.93756103515625,21706600
2024-09-20,433.53118896484375,55167100
2024-09-23,431.77825927734375,15128900
2024-09-24,427.4555969238281,17015800
2024-09-25,430.3838195800781,13396400
2024-09-26,429.5870361328125,14492000
2024-09-27,426.3101501464844,14896100
2024-09-30,428.5810546875,16807300
2024-10-01,419.00946044921875,19092900
2024-10-02,415.4636535644531,16582300
2024-10-03,414.87603759765625,13686400
2024-10-04,414.39794921875,19169700
2024-10-07,407.90399169921875,20919800
2024-10-08,413.0533447265625,19229300
2024-10-09,415.7923278808594,14974300
2024-10-10,414.1788330078125,13848400
2024-10-11,414.6568908691406,14144900
2024-10-14,417.4656677246094,16653100
2024-10-15,417.0672302246094,18900200
2024-10-16,414.45770263671875,15508900
2024-10-17,415.0552978515625,14820000
2024-10-18,416.48956298828125,17145300
2024-10-21,417.1070861816406,14206100
2024-10-22,425.8022155761719,25482200
2024-10-23,422.9038391113281,19654400
2024-10-24,423.0333251953125,13581600
2024-10-25,426.43963623046875,16899100
2024-10-28,424.8858642578125,14882400
2024-10-29,430.2244873046875,17644100
2024-10-30,430.8021545410156,29749100
2024-10-31,404.72674560546875,53971000
2024-11-01,408.7306823730469,24230400
2024-11-04,406.82830810546875,19672300
2024-11-05,409.8163146972656,17626000
2024-11-06,418.50146484375,26681800
2024-11-07,423.7304992675781,19901800
2024-11-08,420.85205078125,16891400
2024-11-11,416.34014892578125,24503300
2024-11-12,421.340087890625,19401200
2024-11-13,423.5014343261719,21502200
2024-11-14,425.1846923828125,30246900
2024-11-15,413.3421936035156,28247600
2024-11-18,414.0991516113281,24742000
2024-11-19,416.12103271484375,18133500
2024-11-20,413.8302001953125,19191700
2024-11-21,412.0437927246094,20780200
2024-11-22,416.16552734375,24814600
2024-11-25,417.95196533203125,27691100
2024-11-26,427.133544921875,23458900
2024-11-27,422.1435546875,18332400
2024-11-29,422.61260986328125,16271900
2024-12-02,430.1175842285156,20207200
2024-12-03,430.3371276855469,18302000
2024-12-04,436.544677734375,26009400
2024-12-05,441.7342529296875,21697800
2024-12-06,442.682373046875,18821000
2024-12-09,445.12744140625,19144400
2024-12-10,442.4428405761719,18469500
2024-12-11,448.0915222167969,19200200
2024-12-12,448.6603698730469,20834800
2024-12-13,446.37493896484375,20177800
2024-12-16,450.6863098144531,23598800
2024-12-17,453.5505676269531,22733500
2024-12-18,436.5147399902344,24444500
2024-12-19,436.15545654296875,22963700
2024-12-20,435.726318359375,64263700
2024-12-23,434.3790283203125,19152500
2024-12-24,438.4508361816406,7164500
2024-12-26,437.2332763671875,8194200
2024-12-27,429.66845703125,18117700
2024-12-30,423.9798583984375,13158700
2024-12-31,420.6565246582031,13246500
2025-01-02,417.74237060546875,16896500
2025-01-03,422.5028381347656,16662900
2025-01-06,426.99383544921875,20573600
2025-01-07,421.5247802734375,18139100
2025-01-08,423.7104187011719,15054600
2025-01-10,418.11163330078125,20201100
2025-01-13,416.35516357421875,17604800
2025-01-14,414.8382263183594,16935900
2025-01-15,425.4569091796875,19637800
2025-01-16,423.7303466796875,15300000
2025-01-17,428.1714782714844,26197500
2025-01-21,427.64251708984375,26085700
2025-01-22,445.30712890625,27803800
2025-01-23,445.8160705566406,18389300
2025-01-24,443.17138671875,15549500
2025-01-27,433.6903991699219,35647800
2025-01-28,446.30511474609375,23491700
2025-01-29,441.44482421875,23581400
2025-01-30,414.1595458984375,54586300
2025-01-31,414.22943115234375,34223400
2025-02-03,410.09771728515625,25679100
2025-02-04,411.5447998046875,20532100
2025-02-05,412.4629821777344,16316700
2025-02-06,414.9879150390625,16309800
2025-02-07,408.9300537109375,22886800
2025-02-10,411.3951110839844,20817900
2025-02-11,410.6166687011719,18140600
2025-02-12,408.2214660644531,19121700
2025-02-13,409.7184753417969,23891700
2025-02-14,407.6126708984375,22758500
2025-02-18,408.8202819824219,21423100
2025-02-19,413.94000244140625,24114200
2025-02-20,416.1300048828125,23508700
2025-02-21,408.2099914550781,27524800
2025-02-24,404.0,26443700
2025-02-25,397.8999938964844,29387400
2025-02-26,399.7300109863281,19619000
2025-02-27,392.5299987792969,21127400
2025-02-28,396.989990234375,32845700
2025-03-03,388.489990234375,23007700
2025-03-04,388.6099853515625,29342900
2025-03-05,401.0199890136719,23433100
2025-03-06,396.8900146484375,23304600
2025-03-07,393.30999755859375,22034100
2025-03-10,380.1600036621094,32840100
2025-03-11,380.45001220703125,30380200
2025-03-12,383.2699890136719,24253600
2025-03-13,378.7699890136719,20473000
2025-03-14,388.55999755859375,19952800
2025-03-17,388.70001220703125,22474300
2025-03-18,383.5199890136719,19486900
2025-03-19,387.82000732421875,19185500
2025-03-20,386.8399963378906,18470500
2025-03-21,391.260009765625,39675900
2025-03-24,393.0799865722656,21004500
2025-03-25,395.1600036621094,15775000
2025-03-26,389.9700012207031,16108400
2025-03-27,390.5799865722656,13766800
2025-03-28,378.79998779296875,21632000
2025-03-31,375.3900146484375,35184700
2025-04-01,382.19000244140625,19689500
2025-04-02,382.1400146484375,16092600
2025-04-03,373.1099853515625,30198000
2025-04-04,359.8399963378906,49209900
2025-04-07,357.8599853515625,50425000
2025-04-08,354.55999755859375,35868900
2025-04-09,390.489990234375,50199700
2025-04-10,381.3500061035156,38024400
2025-04-11,388.45001220703125,23839200
2025-04-14,387.80999755859375,19251200
2025-04-15,385.7300109863281,17199900
2025-04-16,371.6099853515625,21967800
2025-04-17,367.7799987792969,20943700
2025-04-21,359.1199951171875,20807300
2025-04-22,366.82000732421875,19485000
2025-04-23,374.3900146484375,20545500
2025-04-24,387.29998779296875,22232300
2025-04-25,391.8500061035156,18973200
2025-04-28,391.1600036621094,16579400
2025-04-29,394.0400085449219,14974000
2025-04-30,395.260009765625,36461100
2025-05-01,425.3999938964844,58862100
